{
  "project_info": {
    "project_number": "738337029004",
    "firebase_url": "https://tripa-4g.firebaseio.com",
    "project_id": "tripa-4g",
    "storage_bucket": "tripa-4g.appspot.com"
  },
  "client": [
    {
      "client_info": {
        "mobilesdk_app_id": "1:738337029004:android:206b32d6bde7c206",
        "android_client_info": {
          "package_name": "com.apps.gkakadiy.tripa"
        }
      },
      "oauth_client": [
        {
          "client_id": "738337029004-aoibeunfm4opu560jqeq75abo0npkv9d.apps.googleusercontent.com",
          "client_type": 1,
          "android_info": {
            "package_name": "com.apps.gkakadiy.tripa",
            "certificate_hash": "00898e021d59d762da988c1a5c07cfb776c2b578"
          }
        },
        {
          "client_id": "738337029004-qsm89b5rkcbjr1os2mdqd3aob136pgl4.apps.googleusercontent.com",
          "client_type": 3
        }
      ],
      "api_key": [
        {
          "current_key": "AIzaSyCeBCiSt_G77mKN1pHLx24SakHYIHpfQzY"
        }
      ],
      "services": {
        "appinvite_service": {
          "other_platform_oauth_client": [
            {
              "client_id": "738337029004-qsm89b5rkcbjr1os2mdqd3aob136pgl4.apps.googleusercontent.com",
              "client_type": 3
            }
          ]
        }
      }
    }
  ],
  "configuration_version": "1"
}